avg_confirmed_gain,avg_deaths_gain,avg_recovered_gain,confirmed_per_population_percent,country,deaths_per_population_percent,first_confirmed,first_death,first_recovered,land_area,last_confirmed,last_deaths,last_recovered,max_confirmed_gain,max_deaths_gain,max_recovered_gain,migrants_count,population_density,population_net_change,population_total,recovered_per_population_percent,std_confirmed_gain,std_deaths_gain,std_recovered_gain,urban_population_percent
34.833333333333336,2.473684210526316,9.894736842105264,0.0037581869006199234,Afghanistan,0.00012073464410740698,33.0,60.0,54.0,652860.0,1463.0,47.0,188.0,112.0,5.0,45.0,-62920.0,60.0,886592.0,38928346.0,0.0004829385764296279,29.630173041539003,1.2187617145935723,10.098925888111431,25.0
14.833333333333334,1.4210526315789473,12.59375,0.02474114748191064,Albania,0.0009382176713645889,47.0,49.0,59.0,27400.0,712.0,27.0,403.0,34.0,4.0,29.0,-14000.0,105.0,-3120.0,2877797.0,0.014003767465182566,8.354724318594618,0.8377078165833911,6.435082148509413,63.0
62.61538461538461,9.976190476190476,51.86666666666667,0.0074251367880773834,Algeria,0.0009555074675075011,34.0,50.0,50.0,2381740.0,3256.0,419.0,1479.0,185.0,30.0,153.0,-10000.0,18.0,797990.0,43851044.0,0.0033727817289823246,48.44934846327489,8.480934414803583,44.68104074771368,73.0
19.945945945945947,1.8181818181818181,16.428571428571427,0.955154338963308,Andorra,0.05176988287064001,40.0,60.0,50.0,470.0,738.0,40.0,344.0,43.0,4.0,57.0,,164.0,123.0,77265.0,0.44522099268750404,12.099003507970641,0.906923823984585,14.53468757342733,88.0
1.7857142857142858,2.0,1.2,7.6065822129142e-05,Angola,6.085265770331359e-06,58.0,67.0,69.0,1246700.0,25.0,2.0,6.0,5.0,2.0,2.0,6413.0,26.0,1040977.0,32866272.0,1.825579731099408e-05,1.2513728724621076,,0.4472135954999579,67.0
2.6666666666666665,1.0,2.75,0.02450755138927182,Antigua and Barbuda,0.0030634439236589773,51.0,76.0,83.0,440.0,24.0,3.0,11.0,6.0,1.0,4.0,0.0,223.0,811.0,97929.0,0.011232627720082917,1.6583123951777001,0.0,1.2583057392117916,26.0
82.17391304347827,5.0,32.1875,0.008363613819292043,Argentina,0.00040933030597064234,41.0,46.0,52.0,2736690.0,3780.0,185.0,1030.0,291.0,13.0,156.0,4800.0,17.0,415097.0,45195774.0,0.002278974135944657,68.02133794228791,3.4399612400917157,32.01656577259603,93.0
36.45652173913044,1.4736842105263157,25.903225806451612,0.05659340121616756,Armenia,0.0009449106941280212,39.0,64.0,55.0,28470.0,1677.0,28.0,803.0,92.0,3.0,121.0,-4998.0,104.0,5512.0,2963243.0,0.027098688835171462,22.452623228813874,0.696692268479466,26.838225026641478,63.0
104.59375,2.5,145.6206896551724,0.02625109980892462,Australia,0.0003137269173459769,4.0,39.0,8.0,7682300.0,6694.0,80.0,4223.0,497.0,8.0,1453.0,158246.0,3.0,296686.0,25499884.0,0.01656085964940076,133.60599724563266,1.831621879558502,280.12527985491255,86.0
256.7457627118644,13.4,356.11764705882354,0.1681915456101318,Austria,0.005951324824863391,34.0,50.0,47.0,82409.0,15148.0,536.0,12103.0,1321.0,30.0,888.0,65000.0,109.0,51296.0,9006398.0,0.1343822469315702,275.871571395368,7.448283230176137,230.25542664034262,57.0
36.75,1.2352941176470589,43.24,0.015948039964190388,Azerbaijan,0.0002071174021323427,39.0,51.0,49.0,82658.0,1617.0,21.0,1080.0,105.0,3.0,122.0,1200.0,123.0,91459.0,10139177.0,0.010651752109663338,26.676463801078143,0.5622957145383871,29.94060787626063,56.0
2.888888888888889,1.375,1.7777777777777777,0.019835013375919277,Bahamas,0.0027972454760911802,54.0,70.0,62.0,10010.0,78.0,11.0,15.0,7.0,3.0,4.0,1000.0,39.0,3762.0,393244.0,0.0038144256492152456,2.1000610491736684,0.7440238091428449,1.3017082793177759,86.0
46.214285714285715,1.0,26.976744186046513,0.1520943831450274,Bahrain,0.00047015265268942014,33.0,54.0,44.0,760.0,2588.0,8.0,1160.0,301.0,1.0,242.0,47800.0,2239.0,60403.0,1701575.0,0.06817213463996591,59.53752499992659,0.0,36.651829274229776,89.0
124.95,5.0,4.708333333333333,0.003034804010407884,Bangladesh,8.500851569769983e-05,46.0,56.0,54.0,130170.0,4998.0,140.0,113.0,503.0,15.0,16.0,-369501.0,1265.0,1643222.0,164689383.0,6.861401624171487e-05,162.60900880206407,3.790827135384885,3.5810997420232296,39.0
3.0384615384615383,1.0,3.1,0.027490213136146153,Barbados,0.0020878642888212265,55.0,74.0,74.0,430.0,79.0,6.0,31.0,12.0,1.0,6.0,-79.0,668.0,350.0,287375.0,0.010787298825576337,2.690438911862066,0.0,1.8529256146249728,31.0
266.3888888888889,2.9130434782608696,65.58333333333333,0.10148875215716513,Belarus,0.0007090455051647615,37.0,69.0,47.0,202910.0,9590.0,67.0,1573.0,1485.0,5.0,453.0,8730.0,47.0,-3088.0,9449323.0,0.016646695218271192,325.1062488108665,1.083472677771923,105.09743581311942,79.0
809.375,160.86046511627907,290.19444444444446,0.39108260898564173,Belgium,0.059682700636595344,13.0,49.0,26.0,30280.0,45325.0,6917.0,10417.0,2454.0,496.0,524.0,48000.0,383.0,50295.0,11589623.0,0.08988212990189587,631.9495538698984,129.74876481572798,141.89771355138572,98.0
4.909090909090909,1.0,5.4,0.0004454269499802032,Benin,8.248647221855616e-06,54.0,75.0,69.0,112760.0,54.0,1.0,27.0,19.0,1.0,13.0,-2000.0,108.0,322049.0,12123200.0,0.0002227134749901016,5.243177385031817,,5.366563145999495,48.0
1.0,,1.0,0.0009071964002446838,Bhutan,,44.0,,71.0,38117.0,7.0,0.0,3.0,1.0,0.0,1.0,320.0,20.0,8516.0,771608.0,0.0003887984572477216,0.0,,0.0,46.0
20.61904761904762,1.84,5.4,0.0074188164314961825,Bolivia,0.00039407108065684114,49.0,67,70.0,1083300.0,866.0,46.0,54.0,104.0,6.0,12.0,-9504.0,11.0,159921.0,11673021.0,0.00046260518164063953,23.283986312121105,1.2806248474865698,3.806427312965386,69.0
30.3265306122449,1.9,21.142857142857142,0.04529356846567884,Bosnia and Herzegovina,0.0017373710649688386,43.0,59,55.0,51000.0,1486.0,57.0,592.0,90.0,6.0,56.0,-21585.0,64.0,-20181.0,3280819.0,0.018044274920378113,22.48183317990888,1.268993627874548,17.366878407142305,52.0
1140.8461538461538,101.425,2082.8571428571427,0.027909372747291643,Brazil,0.0019086427960987493,35.0,55,54.0,8358140.0,59324.0,4057.0,29160.0,5281.0,425.0,10980.0,21200.0,25.0,1509890.0,212559417.0,0.013718517114675753,1261.721876450721,105.9733608277486,3338.993788027093,88.0
4.928571428571429,1.0,4.033333333333333,0.03154437127267823,Brunei,0.00022858240052665382,47.0,66,58.0,5270.0,138.0,1.0,121.0,26.0,1.0,14.0,0.0,83.0,4194.0,437479.0,0.02765847046372512,5.394981010700603,,3.388452330401344,80.0
27.108695652173914,2.037037037037037,6.566666666666666,0.01794646140251524,Bulgaria,0.0007915440073282584,46.0,49,59.0,108560.0,1247.0,55.0,197.0,137.0,4.0,24.0,-4800.0,64.0,-51674.0,6948445.0,0.00283516671715758,21.90406178555279,1.0912759462588695,5.67318759351957,76.0
15.725,1.8636363636363635,14.733333333333333,0.0030090981445824298,Burkina Faso,0.00019614153247675615,48.0,56,59.0,273600.0,629.0,41.0,442.0,41.0,4.0,49.0,-25000.0,76.0,581895.0,20903273.0,0.0021145013988957614,9.831888203240801,0.8888437939499212,11.437787745265565,31.0
5.0,1.0,1.0,0.016187428842760712,Cabo Verde,0.00017986032047511902,58.0,62,75.0,4030.0,90.0,1.0,1.0,45.0,1.0,1.0,-1342.0,138.0,6052.0,555987.0,0.00017986032047511902,10.249820658402358,,,68.0
4.88,,4.72,0.0007297102422309036,Cambodia,,5.0,,21.0,176520.0,122.0,0.0,117.0,31.0,0.0,15.0,-30000.0,95.0,232423.0,16718965.0,0.000699804084762424,7.601096412141255,,3.878573620976317,24.0
52.3448275862069,3.7857142857142856,46.53333333333333,0.005718405161663043,Cameroon,0.000199654462166101,44.0,63,63.0,472710.0,1518.0,53.0,697.0,203.0,20.0,271.0,-4800.0,56.0,669483.0,26545863.0,0.0026256445307504222,56.70870168934077,5.294097895531639,69.84663471458293,56.0
668.9852941176471,60.642857142857146,452.25,0.12053101155805787,Canada,0.006748422466825821,4.0,47,21.0,9093510.0,45491.0,2547.0,16013.0,2778.0,251.0,1266.0,242032.0,4.0,331107.0,37742154.0,0.04242736119406434,746.8442362456478,66.24375586904497,353.05065399417447,81.0
2.2857142857142856,,3.3333333333333335,0.000331278920908607,Central African Republic,,53.0,,82.0,622980.0,16.0,0.0,10.0,5.0,0.0,6.0,-40000.0,8.0,84582.0,4829767.0,0.00020704932556787938,1.3801311186847083,,2.5166114784235836,43.0
3.2857142857142856,,3.75,0.0002800461516057846,Chad,,57.0,,76.0,1259200.0,46.0,0.0,15.0,7.0,0.0,7.0,2000.0,13.0,478988.0,16425864.0,9.131939726275586e-05,2.4314785444432596,,2.217355782608345,23.0
267.875,5.323529411764706,204.42424242424244,0.06726231849100144,Chile,0.0009468408498111105,41.0,60,58.0,743532.0,12858.0,181.0,6746.0,552.0,13.0,523.0,111708.0,26.0,164163.0,19116201.0,0.03528943852389918,173.6730389786656,3.5481159168937526,153.11760804668873,85.0
886.8191489361702,57.7375,849.4193548387096,0.005829751540212173,China,0.0003220957005854394,1.0,1,1.0,9388211.0,83909.0,4636.0,78175.0,15136.0,1290.0,3995.0,-348399.0,153.0,5540090.0,1439323776.0,0.005431370015803866,1934.7177114130066,148.59278682852798,935.8845655614269,61.0
111.78260869565217,7.516129032258065,38.107142857142854,0.010105557877990855,Colombia,0.00045791423290001353,44.0,60,55.0,1109500.0,5142.0,233.0,1067.0,353.0,26.0,98.0,204796.0,46.0,543448.0,50882891.0,0.0020969720450828943,91.7336514150198,5.898423335897684,33.35814552723027,80.0
14.142857142857142,1.0,8.962962962962964,0.013603925154462461,Costa Rica,0.00011778290177023777,44.0,57,59.0,51060.0,693.0,6.0,242.0,37.0,1.0,30.0,4200.0,100.0,46557.0,5094118.0,0.0047505770380662565,9.44722181384559,0.0,8.41921557410136,80.0
31.676470588235293,1.5555555555555556,16.115384615384617,0.004082905500185493,Cote d'Ivoire,5.3073980503803995e-05,49.0,67,55.0,318000.0,1077.0,14.0,419.0,113.0,4.0,60.0,-8000.0,83.0,661730.0,26378274.0,0.0015884284165067057,28.496379980872312,1.0137937550497034,18.621121175862477,51.0
36.654545454545456,2.16,30.41176470588235,0.04910764634797201,Croatia,0.0013153833843206786,34.0,57,51.0,55960.0,2016.0,54.0,1034.0,96.0,8.0,99.0,-8001.0,73.0,-25037.0,4105267.0,0.025187155914584848,28.370053448309413,1.7,29.297965227783543,58.0
31.833333333333332,2.125,17.48,0.011804055156456262,Cuba,0.0004502668758259307,50.0,56,62.0,106440.0,1337.0,51.0,437.0,63.0,6.0,51.0,-14400.0,106.0,-6867.0,11326616.0,0.003858169112469249,20.89802962665195,1.190998850070631,13.260593249675269,78.0
18.0,1.2307692307692308,7.4,0.06708857928751928,Cyprus,0.0011595556913892224,47.0,60,60.0,9240.0,810.0,14.0,148.0,58.0,2.0,50.0,5000.0,131.0,8784.0,1207359.0,0.012258160166114637,12.429802894656053,0.4385290096535146,10.850175841407994,67.0
136.14814814814815,6.606060606060606,76.65625,0.0686526570548589,Czechia,0.002035674542703923,39.0,60,54.0,77240.0,7352.0,218.0,2453.0,381.0,18.0,261.0,22011.0,139.0,19772.0,10708981.0,0.02290600758372809,105.08620134673758,3.630938187467823,79.94942327658195,74.0
157.14545454545456,10.195121951219512,183.0625,0.14921786222234654,Denmark,0.007216599144850265,36.0,52,44.0,42430.0,8643.0,418.0,5858.0,391.0,22.0,894.0,15200.0,137.0,20326.0,5792202.0,0.10113597557543745,97.69518320546219,5.514614729041014,183.05753326173433,88.0
36.0,1.0,24.866666666666667,0.1020242914979757,Djibouti,0.00020242914979757084,56.0,79,72.0,23180.0,1008.0,2.0,373.0,156.0,1.0,78.0,900.0,43.0,14440.0,988000.0,0.037753036437246965,44.79996693120473,0.0,26.970530654948632,79.0
141.0952380952381,8.029411764705882,32.88,0.0546280343402554,Dominican Republic,0.0025166137993401496,39.0,55,62.0,48320.0,5926.0,273.0,822.0,371.0,38.0,182.0,-30000.0,225.0,108952.0,10847910.0,0.007577496494716493,100.54796441252753,6.649152573563346,41.313153676119505,85.0
483.3829787234043,15.567567567567568,65.04761904761905,0.1287702231144336,Ecuador,0.003264740900299914,39.0,52,59.0,248360.0,22719.0,576.0,1366.0,11536.0,51.0,199.0,36400.0,71.0,269392.0,17643054.0,0.007742423732308476,1682.9789912299468,11.233730310840505,49.080012418983955,63.0
83.0576923076923,7.487804878048781,30.27027027027027,0.004220477015725816,Egypt,0.0002999968612706241,23.0,46,37.0,995450.0,4319.0,307.0,1114.0,232.0,19.0,163.0,-38033.0,103.0,1946331.0,102334404.0,0.0010885879591383558,67.93549808791047,4.980572011423548,31.486018633186532,43.0
8.5625,1.0,3.9473684210526314,0.004224349985854595,El Salvador,0.00012333868571838232,57.0,69,73.0,20720.0,274.0,8.0,75.0,24.0,1.0,15.0,-40539.0,313.0,32652.0,6486205.0,0.0011563001786098343,5.198867742735105,0.0,3.222726316689132,73.0
16.125,1.0,1.75,0.018389362680285248,Equatorial Guinea,7.127659953598934e-05,53.0,91,69.0,28050.0,258.0,1.0,7.0,130.0,1.0,3.0,16000.0,50.0,46999.0,1402985.0,0.0004989361967519254,32.6922518853219,,0.9574271077563381,73.0
3.25,,3.25,0.0010997002329954622,Eritrea,,59.0,,87.0,101000.0,39.0,0.0,13.0,7.0,0.0,5.0,-39858.0,35.0,49304.0,3546421.0,0.00036656674433182076,2.261335084333227,,1.2583057392117916,63.0
32.7,2.090909090909091,7.6,0.12325343846939583,Estonia,0.0034676808376710756,36.0,63,53.0,42390.0,1635.0,46.0,228.0,134.0,6.0,22.0,3911.0,31.0,887.0,1326535.0,0.01718763545628272,26.647548418845094,1.341963412640524,5.648313755083199,68.0
4.0,1.0,2.5,0.004826903782568671,Eswatini,8.619471040301199e-05,52.0,85,75.0,17200.0,56.0,1.0,10.0,20.0,1.0,4.0,-8353.0,67.0,12034.0,1160164.0,0.0008619471040301199,4.9923017660270625,,1.2909944487358056,30.0
3.696969696969697,1.5,2.9166666666666665,0.00010612055705846619,Ethiopia,2.6095218948803164e-06,51.0,74,60.0,1000000.0,122.0,3.0,29.0,9.0,2.0,6.0,30000.0,115.0,2884858.0,114963588.0,2.522537831717639e-05,2.3383333873301795,0.7071067811865476,1.8319554050414564,21.0
1.5,,3.3333333333333335,0.0020079313287485567,Fiji,,57.0,,89.0,18270.0,18.0,0.0,10.0,5.0,0.0,5.0,-6202.0,49.0,6492.0,896445.0,0.0011155174048603092,1.1677484162422844,,1.5275252316519465,59.0
82.87037037037037,6.032258064516129,416.6666666666667,0.08076567666296076,Finland,0.003356964437834794,7.0,59,21.0,303890.0,4475.0,186.0,2500.0,267.0,43.0,1400.0,14000.0,18.0,8564.0,5540720.0,0.045120489755844005,60.490462774330716,8.014502983000014,518.1728154454521,86.0
2482.3030303030305,444.078431372549,1194.0,0.2476410377250888,France,0.03469707642967145,2.0,24,21.0,547557.0,161644.0,22648.0,45372.0,26849.0,1440.0,2372.0,36527.0,119.0,143783.0,65273511.0,0.06951058600172434,3792.3732247750454,400.64557120413826,655.1948338244665,82.0
7.04,1.0,4.285714285714286,0.007907503771789441,Gabon,0.0001347869961100473,52.0,58,72.0,257670.0,176.0,3.0,30.0,36.0,1.0,9.0,3260.0,9.0,53155.0,2225734.0,0.0013478699611004729,9.071383576941281,0.0,3.0394235042348474,87.0
1.6666666666666667,1.0,4.0,0.00041379287514875854,Gambia,4.137928751487585e-05,55.0,61,70.0,10120.0,10.0,1.0,8.0,5.0,1.0,6.0,-3087.0,239.0,68962.0,2416668.0,0.0003310343001190068,1.632993161855452,,2.8284271247461903,59.0
9.306122448979592,1.0,4.212121212121212,0.011430957891710223,Georgia,0.00012533945056699807,35.0,73,54.0,69490.0,456.0,5.0,139.0,42.0,1.0,21.0,-10000.0,57.0,-7598.0,3989167.0,0.003484436725762546,7.824118911078351,0.0,3.9111824918876494,58.0
2235.9,131.2888888888889,2386.9565217391305,0.18680548594860816,Germany,0.007014470624931924,5.0,47,22.0,348560.0,156513.0,5877.0,109800.0,6933.0,510.0,10219.0,543822.0,240.0,266897.0,83783942.0,0.13105136542751833,2161.4320142382253,114.62262632066353,2378.9957914728243,76.0
42.63333333333333,1.25,18.333333333333332,0.00411612161578531,Ghana,3.218234257846216e-05,52.0,59,64.0,227540.0,1279.0,10.0,134.0,208.0,2.0,66.0,-10000.0,137.0,655084.0,31072940.0,0.000431243390551393,58.907574206128835,0.4629100498862757,21.891779278989638,57.0
48.19230769230769,3.3333333333333335,64.11111111111111,0.024042857304586544,Greece,0.0012472352153217283,35.0,49,52.0,128900.0,2506.0,130.0,577.0,156.0,10.0,308.0,-16000.0,81.0,-50401.0,10423054.0,0.005535805532620286,37.15839886667403,2.0562271701926798,109.151780155484,85.0
12.128205128205128,1.625,4.5,0.0026401618971835,Guatemala,7.256258914034988e-05,52.0,54,63.0,107160.0,473.0,13.0,45.0,68.0,3.0,15.0,-9215.0,167.0,334096.0,17915568.0,0.0002511781931781342,14.695469203625649,0.7440238091428449,4.006938426723769,52.0
33.2,1.4,13.0,0.007584067214937871,Guinea,5.330167721341877e-05,51.0,84,72.0,245720.0,996.0,7.0,208.0,101.0,2.0,37.0,-4000.0,53.0,361549.0,13132795.0,0.0015838212657701578,27.152697205199363,0.5477225575051661,11.224972160321824,39.0
4.0,1.1666666666666667,4.0,0.009281013842695715,Guyana,0.00088996023149137,50.0,50,75.0,196850.0,73.0,7.0,12.0,12.0,2.0,8.0,-6000.0,4.0,3786.0,786552.0,0.0015256461111280628,3.0237157840738176,0.408248290463863,3.605551275463989,27.0
3.130434782608696,1.0,2.3333333333333335,0.0006314389230177729,Haiti,5.261991025148107e-05,58.0,74,67.0,27560.0,72.0,6.0,6.0,10.0,1.0,4.0,-35000.0,414.0,139451.0,11402528.0,5.261991025148107e-05,2.8010444127809793,0.0,1.5275252316519465,57.0
1.5,,2.0,1.1235955056179776,Holy See,,44.0,,77.0,0.0,9.0,0.0,2.0,3.0,0.0,2.0,,2003.0,2.0,801.0,0.24968789013732834,0.8366600265340756,,,
15.292682926829269,3.2777777777777777,5.416666666666667,0.006330387465146269,Honduras,0.0005956823930520414,49.0,64,66.0,111890.0,627.0,59.0,65.0,72.0,8.0,27.0,-6800.0,89.0,158490.0,9904607.0,0.0006562602635319099,15.521346433926125,2.295918515554365,7.341765125057812,57.0
50.895833333333336,7.485714285714286,14.3125,0.025288936188757532,Hungary,0.0027121167750529976,42.0,53,52.0,90530.0,2443.0,262.0,458.0,210.0,23.0,95.0,6000.0,107.0,-24328.0,9660351.0,0.0047410285609705075,44.4772184493692,5.922893909982481,22.11325321480165,72.0
32.54545454545455,1.6,42.648648648648646,0.5245528846012959,Iceland,0.0029304630424653397,37.0,53,48.0,100250.0,1790.0,10.0,1570.0,99.0,5.0,99.0,380.0,3.0,2212.0,341243.0,0.46008269766705834,30.129853647306035,1.2649110640673518,27.28472936381185,94.0
461.10526315789474,22.324324324324323,148.475,0.0019045591655855497,India,5.978241873485062e-05,8.0,49,25.0,2973190.0,26283.0,825.0,5939.0,1893.0,59.0,702.0,-532687.0,464.0,13586631.0,1380004385.0,0.000430360951353064,564.5914668466839,18.124651803634823,194.4381765168031,35.0
172.14,17.142857142857142,27.42105263157895,0.00314671184789657,Indonesia,0.0002632313849756629,40.0,49,48.0,1811570.0,8607.0,720.0,1042.0,436.0,60.0,102.0,-98955.0,151.0,2898047.0,273523615.0,0.0003809543099231121,134.65026656384413,13.673138038970887,26.446919382188277,56.0
1333.2537313432836,85.60606060606061,1337.1176470588234,0.10635178436228022,Iran,0.006726755123218736,28.0,28,35.0,1628550.0,89328.0,5650.0,68193.0,3186.0,158.0,6482.0,-55000.0,52.0,1079043.0,83992949.0,0.08118895789693013,892.331935509318,52.345855405070786,1209.6969479511606,76.0
31.482142857142858,2.263157894736842,29.142857142857142,0.004383119663915412,Iraq,0.00021381071531294694,33.0,42,47.0,434320.0,1763.0,86.0,1224.0,91.0,7.0,79.0,7834.0,93.0,912710.0,40222493.0,0.0030430734365470584,23.651247187125108,1.464613416872157,21.257505335787762,73.0
363.94117647058823,27.973684210526315,2308.25,0.37589721385252417,Ireland,0.02152786694279582,38.0,49,55.0,68890.0,18561.0,1063.0,9233.0,1515.0,220.0,9156.0,23604.0,72.0,55291.0,4937786.0,0.18698663733098195,333.3810679546579,36.4465449681283,4565.208748421771,63.0
259.2881355932203,6.03030303030303,160.875,0.17674239662828467,Israel,0.002299106872076654,30.0,59,36.0,21640.0,15298.0,199.0,6435.0,1131.0,13.0,708.0,10000.0,400.0,136158.0,8655535.0,0.07434549106438829,251.75248181137795,3.522116271547978,173.3996698751774,93.0
2959.8636363636365,412.25,1107.3859649122808,0.3230980817549242,Italy,0.04363745150535149,9.0,30,31.0,294140.0,195351.0,26384.0,63120.0,6557.0,919.0,3033.0,148943.0,206.0,-88249.0,60461826.0,0.104396450084058,1964.5604940965893,286.77163083884057,910.229420734645,69.0
9.838709677419354,1.1666666666666667,2.5454545454545454,0.01029999321213562,Jamaica,0.0002363932868358995,49.0,57,54.0,10830.0,305.0,7.0,28.0,52.0,2.0,6.0,-11332.0,273.0,12888.0,2961167.0,0.000945573147343598,13.259202525525554,0.408248290463863,1.6949121725703882,55.0
174.06578947368422,8.0,37.63636363636363,0.01046123515426321,Japan,0.00028463794539602114,1.0,22,4.0,364555.0,13231.0,360.0,1656.0,1161.0,47.0,138.0,71560.0,347.0,-383840.0,126476461.0,0.0013093345488216974,248.06640699760567,10.164555170698904,36.81132972023247,92.0
10.829268292682928,1.4,11.448275862068966,0.00435160412477186,Jordan,6.860637133649328e-05,41.0,65,51.0,88780.0,444.0,7.0,332.0,40.0,2.0,36.0,10220.0,115.0,101440.0,10203134.0,0.003253902183387967,8.570012949302907,0.5477225575051661,7.25842469576143,91.0
59.11363636363637,1.8125,20.838709677419356,0.013852269197149426,Kazakhstan,0.000133143687016046,51.0,58,64.0,2699700.0,2601.0,25.0,646.0,193.0,5.0,70.0,-18000.0,7.0,225280.0,18776707.0,0.003440432872494629,54.11066004638449,1.1086778913041726,20.60274540636684,58.0
9.27027027027027,1.2727272727272727,5.157894736842105,0.0006378868011661836,Kenya,2.6036195965966676e-05,51.0,64,63.0,569140.0,343.0,14.0,98.0,29.0,2.0,15.0,-10000.0,94.0,1197323.0,53771296.0,0.00018225337176176672,6.117591431676761,0.46709936649691375,4.657886477013855,28.0
132.4320987654321,4.172413793103448,161.74074074074073,0.020924849887900502,"Korea, South",0.00047201842588291584,1.0,29,16.0,97230.0,10728.0,242.0,8717.0,851.0,11.0,1369.0,11731.0,527.0,43877.0,51269185.0,0.017002415778600732,187.4415200983766,2.4718622217500683,215.50722836760312,82.0
52.58181818181818,1.5833333333333333,16.82051282051282,0.0677192815667975,Kuwait,0.00044490537682197537,33.0,73,46.0,17820.0,2892.0,19.0,656.0,278.0,4.0,115.0,39520.0,240.0,63488.0,4270571.0,0.015360943536590305,61.94671871532793,0.90033663737852,22.46619893232802,
19.558823529411764,1.6,17.25,0.010192828387256972,Kyrgyzstan,0.0001226204918767756,56.0,72,68.0,191800.0,665.0,8.0,345.0,69.0,3.0,68.0,-4000.0,34.0,108345.0,6524195.0,0.005288008712185948,15.47077631491375,0.8944271909999159,18.4615532219914,36.0
16.408163265306122,1.7142857142857142,37.125,0.04262542956783964,Latvia,0.0006362004413110394,40.0,72,48.0,62200.0,804.0,12.0,267.0,48.0,4.0,134.0,-14837.0,30.0,-20545.0,1886198.0,0.014155459819170628,11.55587579139385,1.1126972805283737,41.39509115134995,69.0
13.538461538461538,1.411764705882353,4.931034482758621,0.010314345804559264,Lebanon,0.00035162542515542947,30.0,48,42.0,10230.0,704.0,24.0,143.0,61.0,2.0,27.0,-30012.0,667.0,-30268.0,6825445.0,0.0020951014915511004,11.864366716632077,0.5072996561958923,5.175015765902544,78.0
6.315789473684211,1.375,5.0,0.0023726288787292043,Liberia,0.00021749098055017706,54.0,73,73.0,96320.0,120.0,11.0,25.0,17.0,3.0,13.0,-5000.0,53.0,120307.0,5057681.0,0.0004942976830685842,6.018975841074509,0.7440238091428449,4.69041575982343,53.0
5.785714285714286,1.0,55.0,0.2124422996223248,Liechtenstein,0.0026227444397817876,42.0,73,75.0,160.0,81.0,1.0,55.0,21.0,1.0,55.0,,238.0,109.0,38128.0,0.1442509441879983,5.713392787377492,,,15.0
31.0,1.7826086956521738,28.75,0.05238238849732706,Lithuania,0.0015060855037800909,37.0,59,53.0,62674.0,1426.0,41.0,460.0,90.0,6.0,59.0,-32780.0,43.0,-37338.0,2722289.0,0.016897544676557116,21.988886081634767,1.2776584313476258,19.233651066121933,71.0
74.22,2.9,205.86666666666667,0.5928323359606887,Luxembourg,0.013578751968919034,38.0,52,60.0,2590.0,3711.0,85.0,3088.0,234.0,8.0,2279.0,9741.0,242.0,10249.0,625978.0,0.49330807152967043,67.2119067439934,1.8634413844023774,582.499401185059,88.0
4.92,,3.875,0.00044418735345880023,Madagascar,,58.0,,74.0,581795.0,123.0,0.0,62.0,14.0,0.0,9.0,-1500.0,48.0,721711.0,27691018.0,0.00022389931637760663,3.8935844667863573,,2.3909551787239063,39.0
88.33846153846154,2.6486486486486487,73.76470588235294,0.01774083970032873,Malaysia,0.0003027868844709536,3.0,55,16.0,328550.0,5742.0,98.0,3762.0,235.0,8.0,236.0,50000.0,99.0,416222.0,32365999.0,0.011623308769180893,70.54016518159108,1.7032031296650734,66.87618058331205,78.0
8.045454545454545,,2.4285714285714284,0.03274479043334123,Maldives,,46.0,,62.0,300.0,177.0,0.0,17.0,48.0,0.0,5.0,11370.0,1802.0,9591.0,540544.0,0.003144979872128818,11.353527971630553,,1.618347187425374,35.0
9.73913043478261,1.0,16.6,0.10146237172823484,Malta,0.000905914033287811,45.0,77,51.0,320.0,448.0,4.0,249.0,52.0,1.0,39.0,900.0,1380.0,1171.0,441543.0,0.05639314857216625,9.424400440956315,0.0,12.408522416928962,93.0
1.1666666666666667,1.0,3.0,0.00015054870702318321,Mauritania,2.150695814616903e-05,52.0,68,67.0,1030700.0,7.0,1.0,6.0,2.0,1.0,4.0,5000.0,5.0,123962.0,4649658.0,0.00012904174887701418,0.408248290463863,,1.4142135623730951,57.0
11.413793103448276,1.2857142857142858,16.38888888888889,0.026026759597662468,Mauritius,0.0007076762428367438,56.0,59,73.0,2030.0,331.0,9.0,295.0,41.0,2.0,72.0,0.0,626.0,2100.0,1271768.0,0.02319605462631549,10.39751770300183,0.48795003647426666,15.774659086048288,41.0
282.48979591836735,37.285714285714285,714.9,0.010735829087586458,Mexico,0.0010121555381664735,37.0,57,41.0,1943950.0,13842.0,1305.0,7149.0,2209.0,236.0,4522.0,-60000.0,66.0,1357224.0,128932753.0,0.005544750913679785,445.17380138028585,56.04177613413861,1386.0882968507694,84.0
75.0909090909091,3.4814814814814814,31.73076923076923,0.08190456878260906,Moldova,0.002330214729287304,46.0,56,55.0,32850.0,3304.0,94.0,825.0,222.0,10.0,115.0,-1387.0,123.0,-9300.0,4033963.0,0.02045135267725559,59.60717070247785,2.5924501385364622,34.5561082210456,43.0
3.9166666666666665,1.3333333333333333,3.0,0.23953926915040008,Monaco,0.010193160389378727,38.0,67,60.0,1.0,94.0,4.0,42.0,12.0,2.0,9.0,,26337.0,278.0,39242.0,0.10702818408847663,2.7962189792128487,0.5773502691896257,2.935197542821371,
2.0555555555555554,,1.5,0.00112863718584994,Mongolia,,48.0,,68.0,1553560.0,37.0,0.0,9.0,13.0,0.0,2.0,-852.0,2.0,53123.0,3278290.0,0.00027453336953106654,2.8997408042834008,,0.5477225575051661,67.0
8.64864864864865,1.0,15.3,0.050950059388662976,Montenegro,0.0009553136135374309,55.0,61,72.0,13450.0,320.0,6.0,153.0,30.0,1.0,41.0,-480.0,47.0,79.0,628066.0,0.024360497145204486,7.7359773361447575,0.0,14.39174145898342,68.0
79.53061224489795,4.416666666666667,15.794117647058824,0.01055795414645565,Morocco,0.0004307710313796377,40.0,48,51.0,446300.0,3897.0,159.0,537.0,281.0,12.0,51.0,-51419.0,83.0,438791.0,36910560.0,0.0014548682003199085,71.34076150210818,3.409021644317996,13.737317923936809,64.0
2.0,,1.4,0.0006296968993331116,Namibia,,52.0,,62.0,823290.0,16.0,0.0,7.0,3.0,0.0,2.0,-4806.0,3.0,46375.0,2540905.0,0.0002754923934582363,0.9258200997725514,,0.5477225575051661,55.0
3.0625,,1.7142857142857142,0.0001681721621668372,Nepal,,3.0,,21.0,143350.0,49.0,0.0,12.0,14.0,0.0,3.0,41710.0,203.0,528098.0,29136808.0,4.118501930616422e-05,3.9743972289308642,,0.9511897312113419,21.0
655.859649122807,92.16666666666667,16.904761904761905,0.21817495922934238,Netherlands,0.025818693013872532,36.0,44,52.0,33720.0,37384.0,4424.0,102.0,1346.0,234.0,247.0,16000.0,508.0,37742.0,17134872.0,0.0005952772801570972,439.7073474237679,62.422150096700726,53.05365657700208,92.0
32.666666666666664,1.6363636363636365,34.60606060606061,0.030483802835740207,New Zealand,0.00037327105513151274,37.0,67,62.0,263310.0,1470.0,18.0,1142.0,89.0,4.0,100.0,14881.0,18.0,39170.0,4822233.0,0.023681974720010417,30.312013819906156,1.026910636104941,24.749923477077907,87.0
1.0909090909090908,1.0,2.3333333333333335,0.00018114427024068337,Nicaragua,4.528606756017084e-05,57.0,65,81.0,120340.0,12.0,3.0,7.0,2.0,1.0,4.0,-21272.0,55.0,79052.0,6624554.0,0.00010566749097373197,0.30151134457776363,0.0,1.5275252316519465,57.0
23.586206896551722,1.9285714285714286,21.666666666666668,0.002825670505998271,Niger,0.00011153962523677384,58.0,63,74.0,1266700.0,684.0,27.0,325.0,69.0,4.0,66.0,4000.0,19.0,895929.0,24206644.0,0.0013426066000722778,21.443475933218526,0.9168747682531898,20.807507802530818,17.0
29.55,1.9444444444444444,8.88,0.0005733978639105563,Nigeria,1.6978786156403952e-05,37.0,61,56.0,910770.0,1182.0,35.0,222.0,208.0,6.0,29.0,-60000.0,226.0,5175990.0,206139589.0,0.00010769401504919078,40.4500007923679,1.3920878193318216,6.989992846920518,52.0
30.377777777777776,2.107142857142857,16.26086956521739,0.06561471920068121,North Macedonia,0.0028319447204390572,35.0,60,51.0,25220.0,1367.0,59.0,374.0,107.0,6.0,48.0,-1000.0,83.0,-85.0,2083374.0,0.017951649583800126,21.70388411917521,1.4230714230607946,14.441787195195209,59.0
129.29310344827587,5.583333333333333,5.333333333333333,0.1383262614593227,Norway,0.003707638158864363,35.0,52,47.0,365268.0,7499.0,201.0,32.0,386.0,16.0,19.0,28000.0,15.0,42384.0,5421241.0,0.0005902707516599982,94.25013539395358,3.6045606032992623,6.97614984548545,83.0
39.6875,1.1111111111111112,14.954545454545455,0.03730447461787881,Oman,0.00019582401374214597,33.0,69,38.0,309500.0,1905.0,10.0,329.0,144.0,2.0,69.0,87400.0,16.0,131640.0,5106626.0,0.006442610052116602,41.538065725973794,0.33333333333333337,19.394346924830767,87.0
249.47058823529412,7.27027027027027,87.0909090909091,0.005759819466804508,Pakistan,0.00012177878146430971,35.0,57,46.0,770880.0,12723.0,269.0,2866.0,1147.0,25.0,371.0,-233379.0,287.0,4327022.0,220892340.0,0.0012974646382033891,275.5007334248805,7.426112519154766,93.28664281274531,35.0
123.06666666666666,4.818181818181818,14.695652173913043,0.1283499201695016,Panama,0.0036850193764808156,48.0,49,62.0,74340.0,5538.0,159.0,338.0,345.0,10.0,48.0,11200.0,58.0,68328.0,4314767.0,0.007833563202833432,87.19476631499894,2.4425210522959864,14.885730759259154,68.0
2.0,,,8.941520666536716e-05,Papua New Guinea,,58.0,,,452860.0,8.0,0.0,0.0,5.0,0.0,0.0,-800.0,20.0,170915.0,8947024.0,,2.0,,,13.0
5.7,1.125,5.0,0.003196618090222583,Paraguay,0.00012618229303510195,46.0,59,65,397300.0,228.0,9.0,85.0,25.0,2.0,11.0,-16556.0,18.0,87902.0,7132538.0,0.0011917216564426296,4.879049928534059,0.3535533905932738,2.7838821814150108,62.0
527.7291666666666,20.58823529411765,278.4642857142857,0.07682613176680936,Peru,0.0021230228667153505,44.0,58,55,1280000.0,25331.0,700.0,7797.0,3683.0,66.0,3012.0,99069.0,26.0,461401.0,32971854.0,0.023647441845399415,724.5479218423716,18.584968913579505,566.1707949440867,79.0
135.07407407407408,11.272727272727273,20.842105263157894,0.006656258665387468,Philippines,0.0004508077571567602,8.0,11,21,298170.0,7294.0,494.0,792.0,538.0,50.0,82.0,-67152.0,368.0,1464463.0,109581078.0,0.0007227525175468707,125.38542117593302,9.369330561982752,21.37506290907698,47.0
221.0392156862745,13.435897435897436,82.23076923076923,0.029786022320466156,Poland,0.0013845361213451846,42.0,50,54,306230.0,11273.0,524.0,2126.0,545.0,40.0,227.0,-29395.0,124.0,-41157.0,37846611.0,0.005617411820572257,157.35017772907835,10.619730573931148,66.86482345287854,60.0
458.6666666666667,22.0,51.08,0.22940735094038675,Portugal,0.008630235500493345,40.0,55,51,91590.0,23392.0,880.0,1277.0,1516.0,37.0,307.0,-6000.0,111.0,-29478.0,10196709.0,0.012523648561511367,331.41850682583595,11.015141094572204,71.77332373521517,66.0
183.49019607843138,1.1111111111111112,26.542857142857144,0.3248117962425544,Qatar,0.00034709531549749343,38.0,66,52,11610.0,9358.0,10.0,929.0,833.0,2.0,120.0,40000.0,248.0,48986.0,2881053.0,0.03224515480971714,219.14792926687852,0.33333333333333337,26.207703017986745,96.0
200.66037735849056,17.17142857142857,67.20930232558139,0.05528210220239009,Romania,0.00312407554524085,35.0,60,42,230170.0,10635.0,601.0,2890.0,523.0,34.0,339.0,-73999.0,84.0,-126866.0,19237691.0,0.015022592888096603,160.31626715726472,8.610819849897858,77.02181451644996,55.0
1462.5098039215686,21.967741935483872,160.25641025641025,0.05111061429753309,Russia,0.0004666478299005207,9.0,57,21,16376870.0,74588.0,681.0,6250.0,6060.0,66.0,682.0,182456.0,9.0,62206.0,145934462.0,0.004282744400702282,1968.6112198455949,20.424631977047945,195.49003446786824,74.0
5.083333333333333,,6.285714285714286,0.0014128854224041009,Rwanda,,52.0,,74,24670.0,183.0,0.0,88.0,22.0,0.0,17.0,-9000.0,525.0,325268.0,12952218.0,0.000679420312412901,4.680506688077997,,3.9696651947288655,18.0
2.142857142857143,,3.0,0.008168733356205786,Saint Lucia,,52.0,,65,610.0,15.0,0.0,15.0,6.0,0.0,7.0,0.0,301.0,837.0,183627.0,0.008168733356205786,2.0354009783964297,,2.345207879911715,19.0
1.75,,1.25,0.012619433928249504,Saint Vincent and the Grenadines,,52.0,,66,390.0,14.0,0.0,5.0,4.0,0.0,2.0,-200.0,284.0,351.0,110940.0,0.0045069406886605375,1.3887301496588271,,0.5,53.0
12.825,2.0,3.764705882352941,1.5118917803778256,San Marino,0.11788629866493767,36.0,41,52,60.0,513.0,40.0,64.0,54.0,6.0,9.0,,566.0,71.0,33931.0,0.18861807786390028,11.644053175719113,1.3764944032233706,2.840101489487345,97.0
332.6326530612245,4.533333333333333,58.28947368421053,0.04681754579948894,Saudi Arabia,0.00039064888819746594,40.0,62,48,2149690.0,16299.0,136.0,2215.0,1197.0,9.0,280.0,134979.0,16.0,545343.0,34813871.0,0.006362406524686669,397.29904217297656,2.063364064911429,59.42012940152423,84.0
13.954545454545455,1.1666666666666667,8.117647058823529,0.0036670011760084713,Senegal,4.1806202332344136e-05,40.0,70,46,192530.0,614.0,7.0,276.0,69.0,2.0,19.0,-20000.0,87.0,447563.0,16743927.0,0.0016483588348181403,14.295802840636512,0.408248290463863,4.662972818709261,49.0
157.85714285714286,4.7407407407407405,147.5,0.07588094862859777,Serbia,0.0014306362863611948,44.0,58,54,87460.0,6630.0,125.0,870.0,445.0,12.0,534.0,4000.0,100.0,-34864.0,8737371.0,0.009957228553073917,143.7424138280036,2.850001249562379,196.24958598682446,56.0
1.375,,3.0,0.01118488616836304,Seychelles,,52.0,,86,460.0,11.0,0.0,6.0,2.0,0.0,5.0,-200.0,214.0,608.0,98347.0,0.006100847000925295,0.5175491695067657,,2.8284271247461903,56.0
154.79268292682926,1.0909090909090908,18.21818181818182,0.21696167506104772,Singapore,0.0002051162137187877,1.0,59,17,700.0,12693.0,12.0,1002.0,1426.0,2.0,57.0,27028.0,8358.0,46005.0,5850342.0,0.017127203845518774,304.997378568167,0.30151134457776363,14.09188222989196,
28.020408163265305,1.5,19.85,0.025148169055773252,Slovakia,0.0003113757275660199,44.0,56,60,48088.0,1373.0,17.0,386.0,114.0,4.0,84.0,1485.0,114.0,2629.0,5459642.0,0.007070060637675511,25.3570254859792,0.9045340337332909,22.40365336748733,54.0
28.3265306122449,2.7,11.526315789473685,0.06676485782644792,Slovenia,0.003896220089295592,43.0,52,63,20140.0,1388.0,81.0,219.0,70.0,6.0,60.0,2000.0,103.0,284.0,2078938.0,0.010534224685873268,16.146965343243863,1.600646421142796,13.069763328013726,55.0
21.666666666666668,2.25,1.6,0.00245387624988816,Somalia,0.00011325582691791507,54.0,77,69,627340.0,390.0,18.0,8.0,73.0,8.0,4.0,-40000.0,25.0,450317.0,15893222.0,5.0335923074628925e-05,23.182143229345346,2.434865792722759,1.3416407864998738,47.0
90.85416666666667,3.909090909090909,163.66666666666666,0.007353053995965852,South Africa,0.00014500404578148666,43.0,65,62,1213090.0,4361.0,86.0,1473.0,318.0,14.0,493.0,145405.0,49.0,750420.0,59308690.0,0.002483615807396859,78.77978722925396,3.4213488137907984,194.2446910471429,67.0
3609.016129032258,424.1111111111111,2175.181818181818,0.47857996459741503,Spain,0.0489832290509432,10.0,41,24,498800.0,223759.0,22902.0,95708.0,9630.0,961.0,4813.0,40000.0,94.0,18002.0,46754778.0,0.2047020734437024,2950.0671650699946,314.04894863438847,1476.4975255372246,80.0
10.952380952380953,1.0,3.903225806451613,0.002148202731869414,Sri Lanka,3.269004157192587e-05,5.0,66,17,62710.0,460.0,7.0,118.0,52.0,1.0,10.0,-97986.0,341.0,89516.0,21413249.0,0.0005510607007838932,11.15949203528019,0.0,2.4813281216541734,18.0
10.142857142857142,1.7,2.375,0.00048575506177299225,Sudan,3.876918333399469e-05,51.0,51,69,1765048.0,213.0,17.0,19.0,41.0,4.0,5.0,-50000.0,25.0,1036022.0,43849260.0,4.333026372622936e-05,15.027593667269933,1.0593499054713802,1.407885953173359,35.0
1.4285714285714286,1.0,1.75,0.001704646183638124,Suriname,0.0001704646183638124,52.0,72,77,156000.0,10.0,1.0,7.0,3.0,1.0,3.0,-1000.0,4.0,5260.0,586632.0,0.001193252328546687,0.7867957924694431,,0.9574271077563381,65.0
302.95,50.97674418604651,143.57142857142858,0.179983394831208,Sweden,0.021704549786543872,9.0,49,47,410340.0,18177.0,2192.0,1005.0,812.0,185.0,455.0,40000.0,25.0,62886.0,10099265.0,0.009951219222388957,243.39912294592898,53.012347336254294,153.00964799957023,88.0
506.9122807017544,34.02127659574468,687.0967741935484,0.3338562908928894,Switzerland,0.01847567692731121,34.0,43,41,39516.0,28894.0,1599.0,21300.0,1321.0,75.0,1700.0,52000.0,219.0,63257.0,8654622.0,0.24611126863772906,414.35208806304513,22.328076847910108,488.3419126553792,74.0
6.114285714285714,1.5,7.857142857142857,0.0018012514288773354,Taiwan*,2.519232767660609e-05,1.0,25,15,35410.0,429.0,6.0,275.0,27.0,3.0,31.0,30001.0,673.0,42899.0,23816775.0,0.0011546483518444458,7.041374324728972,1.0,7.178984268408061,79.0
14.238095238095237,1.6666666666666667,6.857142857142857,0.0005005506224254916,Tanzania,1.6740823492491356e-05,54.0,69,65,885800.0,299.0,10.0,48.0,84.0,3.0,37.0,-40076.0,67.0,1728755.0,59734218.0,8.035595276395851e-05,21.17050958740663,0.816496580927726,13.334523756382296,37.0
44.69230769230769,1.8214285714285714,57.88636363636363,0.004164757759665769,Thailand,7.30659256081714e-05,1.0,39,4,510890.0,2907.0,51.0,2547.0,188.0,4.0,244.0,19444.0,137.0,174396.0,69799978.0,0.00364899828478456,46.948416865255915,0.944911182523068,59.01604665862947,51.0
3.5555555555555554,1.2,3.4444444444444446,0.001159598991342144,Togo,7.2474936958884e-05,44.0,65,58,54390.0,96.0,6.0,62.0,14.0,2.0,10.0,-2000.0,152.0,196358.0,8278724.0,0.000748907681908468,2.8867513459481287,0.4472135954999579,2.6395681960195514,43.0
4.107142857142857,1.1428571428571428,4.153846153846154,0.00821729089495587,Trinidad and Tobago,0.000571637627475191,52.0,63,59,5130.0,115.0,8.0,53.0,40.0,2.0,11.0,-800.0,273.0,4515.0,1399488.0,0.0037870992820231396,7.269109098778688,0.37796447300922725,3.9337461756395737,52.0
21.34090909090909,1.9,20.7,0.007945090708144496,Tunisia,0.0003215265675287443,42.0,57,60,155360.0,939.0,38.0,207.0,82.0,4.0,105.0,-4000.0,76.0,123900.0,11818619.0,0.0017514736704855281,17.93261700485197,1.020835571068081,32.35239987663632,70.0
2449.3863636363635,69.38461538461539,825.2258064516129,0.12778538325542538,Turkey,0.003208477513748166,49.0,55,63,769630.0,107773.0,2706.0,25582.0,5138.0,127.0,3845.0,283922.0,110.0,909452.0,84339067.0,0.03033232511334279,1741.4913979437424,44.728782317556295,963.9524438365695,76.0
4.0,,4.6,0.0001639666568774929,Uganda,,59.0,,80,199810.0,75.0,0.0,46.0,11.0,0.0,10.0,168694.0,229.0,1471413.0,45741007.0,0.00010056621621819564,3.559026084010437,,3.062315754094894,26.0
198.17073170731706,6.28125,28.962962962962962,0.018578323996001074,Ukraine,0.0004595991536241497,41.0,51,59,579320.0,8125.0,201.0,782.0,578.0,14.0,278.0,10000.0,75.0,-259876.0,43733762.0,0.0017880922295228114,174.21034734467187,3.97763404307701,54.77821119434644,69.0
200.26530612244898,2.84,49.6578947368421,0.09921740289221813,United Arab Emirates,0.0007178676862679596,7.0,58,21,83600.0,9813.0,71.0,1887.0,532.0,8.0,172.0,40000.0,118.0,119873.0,9890402.0,0.01907910315475549,196.01889529564534,1.9295940851208404,52.985095464611796,86.0
2374.1111111111113,433.63829787234044,31.314285714285713,0.2203237423981209,United Kingdom,0.030022385613436616,9.0,43,21,241930.0,149569.0,20381.0,774.0,8733.0,981.0,229.0,260650.0,281.0,355839.0,67886011.0,0.001140146531809035,2332.38992141531,356.383490659193,48.13875253679014,83.0
17.941176470588236,1.1666666666666667,18.5,0.017157349592512947,Uruguay,0.00040302499042815646,52.0,67,69,175020.0,596.0,14.0,370.0,48.0,2.0,46.0,-3000.0,20.0,11996.0,3473730.0,0.01065137474702985,11.251777439305846,0.38924947208076144,12.873882169154072,96.0
13596.420289855072,959.9107142857143,2230.488888888889,0.2834279414879973,US,0.016240051201281767,1.0,38,18,9147420.0,938154.0,53755.0,100372.0,36188.0,4592.0,18876.0,954806.0,36.0,1937734.0,331002651.0,0.030323624205656284,13840.464379753641,1107.2631661695625,3312.6917757331576,83.0
45.41463414634146,1.0,33.666666666666664,0.0055633233931504135,Uzbekistan,2.3902570969496945e-05,53.0,65,65,425400.0,1862.0,8.0,707.0,167.0,1.0,111.0,-8863.0,79.0,487487.0,33469203.0,0.0021123897094292923,43.536177835081084,0.0,34.50990196064505,50.0
9.787878787878787,1.4285714285714286,8.25,0.0011358864873114798,Venezuela,3.516676431304891e-05,52.0,65,60,882050.0,323.0,10.0,132.0,29.0,2.0,19.0,-653249.0,32.0,-79889.0,28435940.0,0.00046420128893224567,8.088408278817809,0.5345224838248488,6.016643582596529,
5.510204081632653,,7.15625,0.00027738231107729647,Vietnam,,1.0,,10,310070.0,270.0,0.0,225.0,19.0,0.0,30.0,-80000.0,314.0,876473.0,97338579.0,0.0002311519258977471,4.587675741318581,,8.024596764062755,38.0
3.8181818181818183,1.0,3.3636363636363638,0.000456920178492604,Zambia,1.6318577803307284e-05,56.0,71,72,743390.0,84.0,3.0,37.0,9.0,1.0,17.0,-8000.0,25.0,522925.0,18383955.0,0.0002012624595741232,2.238970078627004,0.0,4.566677726153386,45.0
1.8235294117647058,1.0,1.0,0.00020857268731240233,Zimbabwe,2.6912604814503526e-05,58.0,61,84,386850.0,31.0,4.0,2.0,6.0,1.0,1.0,-116858.0,38.0,217456.0,14862924.0,1.3456302407251763e-05,1.2862393885688164,0.0,0.0,38.0
2.0,,2.1666666666666665,0.02222654405023199,Dominica,,60.0,,75,750.0,16.0,0.0,13.0,5.0,0.0,4.0,,96.0,178.0,71986.0,0.01805906704081349,1.6035674514745464,,1.3291601358251257,74.0
2.25,,3.5,0.015996729557512687,Grenada,,60.0,,86,340.0,18.0,0.0,7.0,6.0,0.0,6.0,-200.0,331.0,520.0,112523.0,0.006220950383477155,1.6690459207925603,,3.5355339059327378,35.0
3.6842105263157894,,2.0,0.00022396104869441109,Mozambique,,60.0,,73,786380.0,70.0,0.0,12.0,19.0,0.0,4.0,-5000.0,40.0,889399.0,31255435.0,3.839332263332761e-05,4.177354712932673,,1.2649110640673518,38.0
3.5,1.0,1.8333333333333333,0.00023999097633928962,Syria,1.7142212595663546e-05,60.0,67,73,183630.0,42.0,3.0,11.0,6.0,1.0,5.0,-427391.0,95.0,430523.0,17500658.0,6.2854779517433e-05,1.7837651700316894,0.0,1.6020819787597222,60.0
2.4,,1.0,0.0018203262176275839,Timor-Leste,,60.0,,79,14870.0,24.0,0.0,2.0,10.0,0.0,1.0,-5385.0,89.0,25326.0,1318445.0,0.00015169385146896535,2.7568097504180438,,0.0,33.0
1.5,1.0,2.5,0.004526844186023117,Belize,0.000502982687335902,61.0,75,88,22810.0,18.0,2.0,5.0,4.0,1.0,3.0,1200.0,17.0,7275.0,397628.0,0.0012574567183397548,1.0,0.0,0.7071067811865476,46.0
1.4615384615384615,,1.75,0.0002611482827438713,Laos,,62.0,,83,230800.0,19.0,0.0,7.0,3.0,0.0,3.0,-14704.0,32.0,106105.0,7275560.0,9.621252522142625e-05,0.6602252917735247,,0.9574271077563381,36.0
3.210526315789474,1.0,2.7142857142857144,0.0008877515320262914,Libya,2.910660760741939e-05,62.0,71,69,1759540.0,61.0,2.0,18.0,13.0,1.0,7.0,-1999.0,4.0,93840.0,6871292.0,0.0002619594684667745,3.5210312152426955,0.0,2.214669705568283,78.0
4.333333333333333,,3.0,0.002642275080144776,Guinea-Bissau,,63.0,,88,28120.0,52.0,0.0,3.0,15.0,0.0,3.0,-1399.0,70.0,47079.0,1968001.0,0.00015243894693142942,3.725424523297698,,,45.0
12.758620689655173,1.9090909090909092,6.066666666666666,0.0018270853352057171,Mali,0.00010369943794410826,63.0,67,73,1220190.0,370.0,21.0,91.0,45.0,4.0,16.0,-40000.0,17.0,592802.0,20250833.0,0.0004493642310911358,12.111550485896252,1.044465935734187,4.542917040635372,44.0
6.083333333333333,1.25,2.0,0.0002683340133578877,Burma,9.189521005407114e-06,65.0,69,78,653290.0,146.0,5.0,10.0,21.0,2.0,3.0,-163313.0,83.0,364380.0,54409800.0,1.837904201081423e-05,5.4765640344278275,0.5,0.7071067811865476,31.0
3.142857142857143,1.0,,0.0009355225127114121,Botswana,4.252375057779146e-05,68.0,69,,566730.0,22.0,1.0,0.0,7.0,1.0,0.0,3000.0,4.0,47930.0,2351627.0,,2.1157009420498154,,,73.0
2.75,1.0,4.0,9.250861843928878e-05,Burundi,8.409874403571708e-06,69.0,82,89,25680.0,11.0,1.0,4.0,6.0,1.0,4.0,2001.0,463.0,360204.0,11890784.0,3.3639497614286834e-05,2.217355782608345,,,14.0
4.555555555555555,1.0,5.0,0.001027957562401725,Sierra Leone,2.507213566833476e-05,69.0,92,88,72180.0,82.0,2.0,10.0,18.0,1.0,6.0,-4200.0,111.0,163768.0,7976983.0,0.0001253606783416738,4.730653756862814,0.0,1.4142135623730951,43.0
2.75,1.0,2.0,0.00017250435338259082,Malawi,1.5682213943871892e-05,71.0,76,86,94280.0,33.0,3.0,4.0,10.0,1.0,3.0,-16053.0,203.0,501205.0,19129952.0,2.090961859182919e-05,2.6328346286499236,0.0,1.4142135623730951,18.0
1.0,,,4.466788312201703e-05,South Sudan,,74.0,,,610952.0,5.0,0.0,0.0,1.0,0.0,0.0,-174200.0,18.0,131612.0,11193725.0,,0.0,,,25.0
3.0,,5.0,0.0010044547568466148,Western Sahara,,74.0,,92,266000.0,6.0,0.0,5.0,4.0,0.0,5.0,5582.0,2.0,14876.0,597339.0,0.0008370456307055123,1.4142135623730951,,,87.0
4.0,,,0.0018251589028969834,Sao Tome and Principe,,75.0,,,960.0,4.0,0.0,0.0,4.0,0.0,0.0,-1680.0,228.0,4103.0,219159.0,,,,,74.0
1.0,,1.0,3.3527835009792143e-06,Yemen,,79.0,,93,527970.0,1.0,0.0,1.0,1.0,0.0,1.0,-30000.0,56.0,664042.0,29825964.0,3.3527835009792143e-06,,,,38.0
